{"stats":{"minecraft:mined":{"minecraft:oak_log":5,"minecraft:oak_leaves":51},"minecraft:picked_up":{"minecraft:stick":5,"minecraft:oak_log":5,"minecraft:oak_sapling":2},"minecraft:custom":{"minecraft:jump":41,"minecraft:time_since_rest":4802,"minecraft:crouch_one_cm":86,"minecraft:sprint_one_cm":2163,"minecraft:leave_game":2,"minecraft:play_time":4802,"minecraft:time_since_death":4802,"minecraft:walk_one_cm":10805,"minecraft:sneak_time":8,"minecraft:total_world_time":4802,"minecraft:fall_one_cm":418,"minecraft:fly_one_cm":1045,"minecraft:horse_one_cm":5457}},"DataVersion":3465}