{"stats":{"minecraft:custom":{"minecraft:time_since_rest":389,"minecraft:crouch_one_cm":50,"minecraft:sprint_one_cm":17228,"minecraft:play_time":16325,"minecraft:damage_taken":652,"minecraft:deaths":1,"minecraft:walk_one_cm":28571,"minecraft:sneak_time":20,"minecraft:drop":1,"minecraft:jump":86,"minecraft:leave_game":3,"minecraft:time_since_death":5186,"minecraft:sleep_in_bed":2,"minecraft:climb_one_cm":12,"minecraft:total_world_time":16325,"minecraft:talked_to_villager":2,"minecraft:fall_one_cm":3344,"minecraft:fly_one_cm":141425},"minecraft:used":{"minecraft:stone_axe":10,"mca:male_villager_spawn_egg":1,"mca:female_villager_spawn_egg":1,"alexsmobs:animal_dictionary":1,"minecraft:spruce_sapling":1},"minecraft:picked_up":{"minecraft:stick":19,"minecraft:oak_log":9,"minecraft:spruce_sapling":1,"dynamictrees:oak_seed":9,"minecraft:spruce_log":6},"minecraft:dropped":{"minecraft:spruce_sapling":1},"minecraft:mined":{"minecraft:spruce_leaves":1,"minecraft:spruce_log":6}},"DataVersion":3465}